student_id,alder,koen,by,uddannelse,indkomst_mdr,tilmeldingsdato
S001,33,Andet,København,GS,19460,20-08-2025
S002,36,Andet,Aarhus,GS,998,31-08-2025
S003,43,Kvinde,Odense,MV,12450,07-08-2025
S004,33,Mand,,GS,31893,01-08-2025
S005,33,Andet,,MV,44000,23-08-2025
S006,35,Kvinde,Odense,MV,2567,10-09-2025
S007,,Andet,Esbjerg,MV,7843,09-09-2025
S008,25,Kvinde,Esbjerg,GS,1521,04-08-2025
S009,24,Mand,København,KV,13500,15-08-2025
S010,44,Andet,Esbjerg,LV,32839,18-08-2025
S011,35,Mand,Aarhus,LV,,12-09-2025
S012,34,Kvinde,aarhus,KV,22948,20-08-2025
S013,39,Mand,Aaeborg,GS,22986,22-08-2025
S014,38,Mand,odense,MV,26618,14-08-2025
S015,44,,Odense,KV,38484,12-09-2025
S016,,Kvinde,aarhus,KV,28435,26-08-2025
S017,22,Mand,Aarhus,GS,32579,06-09-2025
S018,50,Andet,Esbjerg,GS,31860,12-08-2025
S019,28,Mand,Aarhus,LV,39664,05-09-2025
S020,23,Kvinde,Aalborg,GS,2023,05-08-2025
S021,21,Kvinde,Aahus,MV,28852,25-08-2025
S022,52,Kvinde,Odense,GS,37308,02-09-2025
S023,44,Mand,Odeyse,KV,28095,01-09-2025
S024,41,Andet,København,kv,24680,11-09-2025
S025,39,Andet,Aarhus,LV,39009,14-08-2025
S026,20,Andet,Aarhus	,MV,24496,14-09-2025
S027,,Kviinde,Aalborg,KV,10607,08-08-2025
S028,31,Kvinde,Esbjerg,GS,10512,26-08-2025
S029,33,Kvinde,Odense,LV,24889,07-09-2025
S030,39,Kvinde,Aarhus,GS,26812,02-08-2025
S031,42,Mand,københavn,KV,7004,08-08-2025
S032,38,Mand,Odense,KV,41252,09-09-2025
S033,39,Kvinde,Odense,MV,28627,07-08-2025
S034,24,Andet,Aarhus,MV,16294,16-08-2025
S035,38,Mand,Aalborg,KV,8970,17-08-2025
S036,19,mand,Aarhus,LV,27538,29-08-2025
S037,45,mand, Aalborg,KV,40188,
S038,35,Kvinde,aarhus,,9566,02-09-2025
S039,21,Kvinde,Aalborg,LV,,04-08-2025
S040,20,,Esbjerg,LV,9560,13-08-2025
S041,20,Kvinde,Aarhus,KV,5262,11-09-2025
S042,25,Andet,Esbjerg,,40115 kr,
S043,26,Andet,Aalborg,LV,6832,01-08-2025
S044,38,Kvinde,Aalborg,KV,4878,07-08-2025
S045,19,Kvinde,Esbjerg,GS,18068,17-08-2025
S046,,Andet,Aarhus,LV,20131,17-08-2025
S047,33,Mand,Esbjerg,MV,42412,18-08-2025
S048,29,mand,Aarhus,LV,24904,01-08-2025
S049,33,Andet,Aarhus,MV,32013,05-09-2025
S050,37,Mand,Aarhus,KV,9828,04-09-2025
S051,12,Kvinde,Aarhus,GS	,28632,02-09-2025
S052,25,Andet,Odense,GS,36150,27-08-2025
S053,35,Mand,Aalborg,KV,5227,03-09-2025
S054,26 år,Andet,Odense,KV,26076,06-09-2025
S055,39,Kvinde,,LV,16734,07-08-2025
S056,28,Mand, Esbjerg ,GS,,10-09-2025
S057,34,Kvinde,Aalborg,mv,16898,29-08-2025
S058,19,Andet,Aalborg,MV,32007,11-09-2025
S059,40,Kvinde,Aalborg,MV,28925,05-08-2025
S060,21,Mand,Esbjerg,GS,,05-09-2025
S061,33,Kvinde,Aarhus,MV,44938,08-09-2025
S062,39,,Esbjerg,GS,37650,12-09-2025
S063,27,Kvinde,Esbjerg,GS,,03-08-2025
S064,32,Andet,Aarhus,LV,22211,25-08-2025
S065,36,,Odense,MV,2069,11-08-2025
S066,45,Kvinde,Esbjerg,LV,34528,25-08-2025
S067,21,Andet,Aarhus,MV,27988,31-08-2025
S068,,Andet,Aalborg,LV,40824,11-08-2025
S069,27,andet,Aarhus,GS,22176,01-09-2025
S070,29,Kvinde,København	,KV,,04-09-2025
S071,43,Andet,Aarhus,GS,6058 kr,09-09-2025
S072,26,Mand,Aalborg,LV,8590,08-09-2025
S073,35,Madn,esbjerg,gs,,04-08-2025
S074,28,Andet,Aalborg,KV,13456,28-08-2025
S075,19,Kvinde,Odense,MV,30609,01-09-2025
S076,21,Mand,Aarhus,KV,26510,27-08-2025
S077,337,Kvinde,Odense,,6916,19-08-2025
0S78,43,Kvinde,Odense,KV,30962,03-09-2025
S079,22,Kvinde,København,LV,4415,26-08-2025
S080,31,Kvinde,,LV,5255,08-09-2025
S081,22, Andet, København , GS ,18199,20-08-2025
S082,28,Mand,Esbjerg,KV,19764,24-08-2025
S083,31,kvinde,København,LV,16601,03-09-2025
S084,21,andet,Odense,,10244,19-08-2025
S085,19,Andet,Aalborg,KV,17419,31-08-2025
S086,40, Mand,Aalborg,MV,28896,11-09-2025
S087,19,Mand,København,MV,2799,18-08-2025
S088,25,Mand,Odense,LV,,05-09-2025
S089,25,Andet,Aalborg,KV,18950,
S090,20,Mand,Odense,MV,16821,12-09-2025
S0o1,34,Mand,københavn,KV ,17289,15-09-2025
S092,31,Andet, Aalborg ,MV,41562,19-08-2025
S093,41,Kvinde,København,LV,27614,
S094,31,Andet,København,KV,5171,01-08-2025
S095,32,Kvinde,Aalborg,LV,35863,16-08-2025
S096,21,vKinde,København,GS,15243,07-09-2025
S097,37,Kvinde,Esbjerg,GS,4732,03-08-2025
S098,39, Mand,Odense,LV,38044,
S099,25,Andet,København,GS,39528,11-08-2025
S100,43, Andet,København,gs,40985,27-08-2025
S101,40,,københavn,LV,42342,13-09-2025
S102,27,Andet,Aalborg,gs,26066,25-08-2025
S103,29,Kvinde,Odense,LV,9402,04-08-2025
S104,21 år, Mand ,Aarhus,GS,26723,21-08-2025
S105,28,Kvinde,Aarhus,KV,,26-08-2025
S106,29,Kvinde,Odense,GS,,04-08-2025
S107,19,Andet,København,LV,13299,07-09-2025
S108,32 år,Kvinde,Aarhus,,6116,21-08-2025
S109,43,Kvinde,Aalborg,LV,33691,05-08-2025
S110,22,Mand,Aalborg,MV,45003,15-08-2025
S111,,Mand,Odense,kv,42087,28-08-2025
S112,26,Mand,København,LV,6861,31-08-2025
S113,41,Kvinde,Aalborg,LV,15516,
S114,22,kvinde,Aalorg,KV,24710,16-08-2025
S115,19,,Esbjerg,MV,17274,03-08-2025
S116,20,Kvinde,Aalborg,LV,19992,03-09-2025
S117,3,Mand,Odense,LV,8988,07-08-2025
S118,44,Mand,Esbjerg,MV,10100,30-08-2025
S119,34,Andet,Aalborg,GS,9132,10-08-2025
S120,24,Andet,Odense,KV,36083,16-08-2025
S047,33,Mand,Esbjerg,MV,42412,18-08-2025
S117,3,Mand,Odense,LV,8988,07-08-2025
S016,,Kvinde,aarhus,KV,28435,26-08-2025
S042,25,Andet,Esbjerg,,40115 kr,
